Top pages,Clicks,Impressions,CTR,Position
https://www.moudevpro.com/,50,1470,3.4%,16.47
https://www.moudevpro.com/en,7,1255,0.56%,10.68
https://www.moudevpro.com/rabat,2,676,0.3%,31.35
https://www.moudevpro.com/blog/prix-site-web-maroc-2026,2,465,0.43%,6.28
https://www.moudevpro.com/about,2,277,0.72%,28.8
https://www.moudevpro.com/ar,2,247,0.81%,20.4
https://www.moudevpro.com/blog/site-web-hotel-riad-marrakech,2,222,0.9%,7.04
https://www.moudevpro.com/casablanca,1,690,0.14%,26.85
https://www.moudevpro.com/marrakech,1,435,0.23%,30.72
https://www.moudevpro.com/en/marrakech,1,213,0.47%,18.87
https://www.moudevpro.com/tarifs,1,203,0.49%,10.04
https://www.moudevpro.com/contact,1,91,1.1%,7.89
https://www.moudevpro.com/blog/site-ecommerce-maroc-guide,1,65,1.54%,9.74
https://www.moudevpro.com/ar/rabat,1,55,1.82%,8.27
https://www.moudevpro.com/ar/marrakech,1,52,1.92%,48.77
https://www.moudevpro.com/blog/choisir-developpeur-web-freelance-maroc,0,218,0%,24.79
https://www.moudevpro.com/blog/creation-site-web-casablanca,0,81,0%,19.35
https://www.moudevpro.com/ecommerce,0,78,0%,18.67
https://www.moudevpro.com/en/rabat,0,61,0%,4.33
https://www.moudevpro.com/services,0,44,0%,13.66
https://www.moudevpro.com/blog,0,31,0%,28.06
https://www.moudevpro.com/agence-web-marrakech/,0,19,0%,73.58
https://www.moudevpro.com/agence-web-tanger/,0,15,0%,63.53