Top queries,Clicks,Impressions,CTR,Position
moudev,2,16,12.5%,4.81
creation site web rabat,1,148,0.68%,30.21
creation site web casablanca,1,55,1.82%,3.36
developpeur web freelance maroc,1,54,1.85%,43.26
creation site internet,1,35,2.86%,3.06
site vitrine riad marrakech,1,33,3.03%,3.39
creation site web,1,6,16.67%,2.17
développeur web freelance maroc,0,478,0%,31.77
freelance creation site web maroc,0,322,0%,27.13
developpeur freelance maroc,0,303,0%,33.05
développeur freelance casablanca,0,282,0%,25.89
développeur web à casablanca,0,91,0%,34.38
création site web rabat,0,80,0%,31.5
internet,0,44,0%,6.98
création site web casablanca,0,34,0%,3.91
morocco riad website builder,0,34,0%,8.5
développement web marrakech,0,34,0%,55.18
web design riad marrakech english,0,30,0%,4.5
create website guesthouse morocco,0,29,0%,7.59
web development,0,27,0%,6.44
creation site web marrakech,0,27,0%,53.63
création site web riad marrakech,0,26,0%,11.23
développeur freelance marrakech,0,26,0%,45.19
creation site internet marrakech,0,24,0%,39.96
web hosting,0,23,0%,9.87
création site web marrakech,0,23,0%,55.22
site internet,0,22,0%,2.5
site web pour riad,0,20,0%,22.35
création site web riad maroc,0,19,0%,13.37
developpement site web casablanca,0,19,0%,14.47
creation site internet rabat,0,19,0%,23
site internet rabat,0,18,0%,31.78
création site internet rabat,0,18,0%,38.72
prix site web maroc,0,16,0%,11.5
créer site internet rabat,0,16,0%,32.75
création site pour riad ou hôtel marrakech,0,15,0%,12.27
riad website design morocco,0,13,0%,6.08
société de developpement web rabat,0,13,0%,34.54
moroccan dev agency,0,13,0%,41.77
création site internet marrakech,0,13,0%,65.69
freelance web,0,12,0%,36.17
agence de développement web rabat,0,12,0%,36.92
site web creation casablanca,0,11,0%,1.45
création site hôtel maroc,0,11,0%,13.82
création site rabat,0,11,0%,26.36
webmaster freelance maroc,0,11,0%,29.09
création site web à rabat,0,11,0%,32.55
développement web casablanca,0,11,0%,56.55
création de site web rabat,0,10,0%,20.5
création application rabat,0,10,0%,30.4
céation site web rabat,0,10,0%,32.9
developpement web marrakech,0,10,0%,48.2
creation site web à rabat,0,9,0%,35.78
web scraping casablanca,0,9,0%,54.11
creation site internet casablanca,0,8,0%,1
création site web casablanca prix,0,8,0%,13
création site casablanca,0,8,0%,13.62
développement web sur mesure à casablanca,0,8,0%,22.38
web development morocco,0,8,0%,52.88
site web marrakech,0,8,0%,60
site vitrine riad prix maroc,0,7,0%,24.71
développeur web casablanca,0,7,0%,36.29
céation site internet rabat,0,7,0%,37.14
site internet professionnel maroc,0,7,0%,68.57
création de site internet à casablanca,0,6,0%,15.67
freelance création site web maroc,0,6,0%,23.5
développement web sur mesure à marrakech,0,6,0%,26.5
web development agency in morocco,0,6,0%,32.33
developpeur site web,0,6,0%,47.83
création de site web marrakech,0,6,0%,50
web development agency,0,6,0%,54.67
creation de site web marrakech,0,6,0%,56.67
prix dev,0,5,0%,5.6
developpeur web freelance,0,5,0%,26.8
développeur freelance maroc,0,5,0%,27
développeur web à marrakech,0,5,0%,41.4
web development company,0,5,0%,59
مبرمج مواقع,0,5,0%,68.2
création site internet casablanca,0,4,0%,7.25
site web casablanca prix,0,4,0%,11.25
creation de site web casablanca,0,4,0%,18.75
marketing digital freelance marrakech,0,4,0%,19
développement de plateforme de vente en ligne avec livraison,0,4,0%,43
مطور مواقع,0,4,0%,48.25
développeur freelance,0,4,0%,63.25
développeur wordpress maroc,0,4,0%,63.5
site web creation,0,3,0%,1.67
creation site,0,3,0%,2
devis site web maroc,0,3,0%,14.33
développement windev maroc,0,3,0%,17.67
développement woocommerce maroc,0,3,0%,21
developpement site web marrakech,0,3,0%,27.33
#تصميم #موقع_ويب #تطوير #إشهار #الداربيضاء #طنجة #الرباط,0,3,0%,28.67
web development agency morocco,0,3,0%,30.33
site web casablanca,0,3,0%,31.67
diseño web casablanca,0,3,0%,38.67
"agence creation site et application web hotels cabinet mediacal restaurant 
mobikier construction",0,3,0%,44.33
développeurs de sites web multilingues en afrique de l'est,0,3,0%,46
creation de site internet marrakech,0,3,0%,52.33
website builder maroc,0,3,0%,64
developpement web maroc,0,3,0%,70.33
développement web offshore marrakech,0,3,0%,72
développement web offshore à marrakech,0,3,0%,77
développement des sites web à essaouira,0,3,0%,78.67
création de sites web casablanca,0,2,0%,1
internet internet,0,2,0%,1
création website casablanca,0,2,0%,1.5
agence web freelance,0,2,0%,2.5
مطور مواقع الكترونية,0,2,0%,3
au maroc,0,2,0%,5.5
e-commerce web design casablanca,0,2,0%,5.5
dev-pro maroc,0,2,0%,6.5
création de site internet saint-trond,0,2,0%,13
web design agency in casablanca,0,2,0%,15.5
freelance shopify developer morocco,0,2,0%,18
creation site web maroc freelance,0,2,0%,22.5
site e-commerce marrakech,0,2,0%,23.5
création de site web à bon prix casablanca maroc,0,2,0%,25
développement site e-commerce marrakech,0,2,0%,29
web designer morocco,0,2,0%,41.5
freelance web developer,0,2,0%,42
développeur web freelance,0,2,0%,42.5
création de site web maroc prix,0,2,0%,43.5
site builder maroc,0,2,0%,57.5
"développement webhébergement de sites webcréation de tunnel de ventedesign 
graphiqueréférencement seoréférencement seaintelligence 
artificiellemaintenance informatiquedéveloppeur freelanceoptimisation 
digitale",0,2,0%,83
agence web rabat,0,2,0%,113.5
creation site web maroc,0,1,0%,1
creation sites internet,0,1,0%,1
création de site web casablanca,0,1,0%,1
création site internet ensisheim,0,1,0%,1
création site internet hossegor,0,1,0%,1
création site internet lot-et-garonne,0,1,0%,1
création site internet tignieu,0,1,0%,1
création site web casablanca maroc,0,1,0%,1
dev.elmoudir.com,0,1,0%,1
dev85.com,0,1,0%,1
devit,0,1,0%,1
développeur web prix,0,1,0%,1
freelance jobs,0,1,0%,1
mon dev,0,1,0%,1
mourudev,0,1,0%,1
sidi maarouf,0,1,0%,1
site internet creation,0,1,0%,1
شحال,0,1,0%,1
creation de site,0,1,0%,2
creation de website,0,1,0%,2
création site internet tremblay en france,0,1,0%,2
internet casablanca,0,1,0%,2
internet numero,0,1,0%,2
maroc,0,1,0%,2
maurodev,0,1,0%,2
devis developpeur web,0,1,0%,3
site web developpeur,0,1,0%,3
création site e-commerce casablanca,0,1,0%,4
dev freelance,0,1,0%,4
intrrnet,0,1,0%,4
creation site web pro casablanca,0,1,0%,5
creation web site,0,1,0%,5
création site,0,1,0%,5
domaine .ma maroc,0,1,0%,5
freelance marketplace website development company associative,0,1,0%,5
service internet,0,1,0%,5
inter'et,0,1,0%,6
internt,0,1,0%,7
prix site vitrine maroc,0,1,0%,8
conception site web maroc,0,1,0%,9
freelance creation site web,0,1,0%,9
freelancer maroc,0,1,0%,9
marrakech,0,1,0%,9
site intenet,0,1,0%,9
web development company mo,0,1,0%,9
création de site internet bruges,0,1,0%,10
création de sites web le neubourg,0,1,0%,10
création site internet hautes-pyrénées,0,1,0%,10
site vitrine,0,1,0%,10
tarif site web maroc,0,1,0%,10
création site internet au maroc,0,1,0%,11
création site internet vertou,0,1,0%,11
vendre en ligne maroc,0,1,0%,11
creation de site internet mougins,0,1,0%,12
creation site web ia,0,1,0%,12
création site internet bruz,0,1,0%,12
création site internet deux sèvres,0,1,0%,12
création site internet deux-sèvres,0,1,0%,12
création site internet saint etienne,0,1,0%,12
creation site internet mougins,0,1,0%,13
création de site internet vertou,0,1,0%,13
création site internet le havre,0,1,0%,13
site,0,1,0%,13
agence wordpress agadir,0,1,0%,15
création site internet mérignac,0,1,0%,17
création site web,0,1,0%,19
création site web maroc,0,1,0%,19
etudes web design rabat,0,1,0%,19
للمطورين,0,1,0%,19
creation site internet charente-maritime,0,1,0%,21
creation site internet landes,0,1,0%,21
création de site internet courtrai,0,1,0%,21
création site internet mont de marsan,0,1,0%,21
création sites internet à tours,0,1,0%,21
sélectionner trouver un freelance développeur,0,1,0%,21
tous les sites e commerce maroc,0,1,0%,21
boutique gratuite maroc,0,1,0%,24
création site internet maroc,0,1,0%,25
site marchand maroc,0,1,0%,25
website developer near me,0,1,0%,26
developpeur casablanca,0,1,0%,27
création site internet albi,0,1,0%,29
mobile and web development agency,0,1,0%,29
agence création site internet casablanca,0,1,0%,31
creation de site internet allauch,0,1,0%,31
creation site internet le mans,0,1,0%,31
creation site internet pas cher lyon,0,1,0%,31
création site internet côtes-d'armor,0,1,0%,31
tamaris,0,1,0%,35
moude,0,1,0%,45
creation site web a marrakech,0,1,0%,48
bendrif web design,0,1,0%,50
reservation hotel marrakech,0,1,0%,53
budget morocco _landing pages,0,1,0%,54
moroccan web designer,0,1,0%,54
web development services,0,1,0%,62
création site web prix,0,1,0%,63
freelance web developer khobar,0,1,0%,65
redaction web marrakech,0,1,0%,79
création des sites web à essaouira,0,1,0%,80
agence de développement des sites web à essaouira,0,1,0%,82
développement web sur mesure,0,1,0%,82
développeur web sur mesure,0,1,0%,82
site web avec tarifs transparents,0,1,0%,82
agence création site web marrakech,0,1,0%,84
développement de plateformes digitales,0,1,0%,95
grand prix app responsiveness,0,1,0%,98